model,accuracy,f1,precision,recall,train_time_sec
xgboost,0.55795,0.6957150232318018,0.5753073770491803,0.8798641943066075,2.08
random_forest,0.46495,0.39091581763333144,0.5646169023347583,0.29894663532689125,3.33
lstm,0.5743499994277954,,,,14.62
