{
  "timestamp": "20260718_230823",
  "metrics": {
    "model": "lstm",
    "accuracy": 0.5743499994277954,
    "val_loss": 0.6828507781028748,
    "train_time_sec": 14.62,
    "n_features": 26,
    "n_train": 80000,
    "n_test": 20000,
    "epochs": 20,
    "backtest": {
      "win_rate": 57.435,
      "correct": 11487,
      "total": 20000,
      "pnl": 2974
    }
  },
  "backtest": {
    "win_rate": 57.435,
    "correct": 11487,
    "total": 20000,
    "pnl": 2974
  }
}