{
  "timestamp": "20260718_230656",
  "metrics": {
    "model": "random_forest",
    "accuracy": 0.46495,
    "precision": 0.5646169023347583,
    "recall": 0.29894663532689125,
    "f1": 0.39091581763333144,
    "train_time_sec": 3.33,
    "n_features": 26,
    "n_train": 80000,
    "n_test": 20000,
    "top_features": {
      "sma_120": 0.07584256452533963,
      "ema_120": 0.06834461029253804,
      "sma_60": 0.06719476159918289,
      "ema_60": 0.06138667317384356,
      "volatility_60m": 0.05290841673161825,
      "price_close": 0.04309863229517875,
      "ema_30": 0.040388370106529355,
      "bb_lower": 0.04026676608558831,
      "macd_signal": 0.040222373506159065,
      "macd": 0.0401397594562692,
      "bb_upper": 0.03964722073976788,
      "sma_30": 0.03947259622136898,
      "volume_sma_30": 0.036958308826126995,
      "price_open": 0.036333620710662935,
      "price_high": 0.03509606011078263,
      "ema_7": 0.034204569856297024,
      "ema_14": 0.03383355512223157,
      "price_low": 0.03316870621576476,
      "sma_14": 0.033136364001572736,
      "bb_width": 0.03234227314272568
    },
    "backtest": {
      "win_rate": 46.495,
      "correct": 9299,
      "total": 20000,
      "pnl": 786
    }
  },
  "backtest": {
    "win_rate": 46.495,
    "correct": 9299,
    "total": 20000,
    "pnl": 786
  }
}