{
  "timestamp": "20260718_225629",
  "metrics": {
    "model": "xgboost",
    "accuracy": 0.55795,
    "precision": 0.5753073770491803,
    "recall": 0.8798641943066075,
    "f1": 0.6957150232318018,
    "train_time_sec": 2.59,
    "n_features": 26,
    "n_train": 80000,
    "n_test": 20000,
    "top_features": {
      "ema_120": 