{
  "timestamp": "20260718_230652",
  "metrics": {
    "model": "xgboost",
    "accuracy": 0.55795,
    "precision": 0.5753073770491803,
    "recall": 0.8798641943066075,
    "f1": 0.6957150232318018,
    "train_time_sec": 2.08,
    "n_features": 26,
    "n_train": 80000,
    "n_test": 20000,
    "top_features": {
      "ema_120": 0.05952024087309837,
      "ema_60": 0.05234311893582344,
      "ema_14": 0.050629910081624985,
      "sma_120": 0.0497310496866703,
      "price_high": 0.0483381487429142,
      "bb_lower": 0.046865519136190414,
      "sma_60": 0.04616781696677208,
      "sma_30": 0.04561317339539528,
      "ema_7": 0.04543796926736832,
      "price_low": 0.04432043805718422,
      "bb_upper": 0.04407959803938866,
      "ema_30": 0.042640138417482376,
      "sma_14": 0.04207826778292656,
      "sma_7": 0.0398046113550663,
      "price_open": 0.038894858211278915,
      "price_close": 0.036844123154878616,
      "macd_signal": 0.032854415476322174,
      "volatility_60m": 0.03281234949827194,
      "volume_sma_30": 0.0319405198097229,
      "macd": 0.030110787600278854
    },
    "backtest": {
      "win_rate": 55.794999999999995,
      "correct": 11159,
      "total": 20000,
      "pnl": 2646
    }
  },
  "backtest": {
    "win_rate": 55.794999999999995,
    "correct": 11159,
    "total": 20000,
    "pnl": 2646
  }
}